{
    "1": {
        "id": 1,
        "title": "Новость 1",
        "text": "А у нас новость 1 и она очень хорошая про спорт!",
        "isPrivate": false,
        "category_id": 1
    },
    "2": {
        "id": 2,
        "title": "Новость 2",
        "text": "А тут плохие новости про политику(((",
        "isPrivate": false,
        "category_id": 2
    },
    "3": {
        "id": 3,
        "title": "Новость 3",
        "text": "Приватная про политику",
        "isPrivate": true,
        "category_id": 2
    },
    "4": {
        "title": "Та самая созданная новость",
        "category_id": 1,
        "text": "Да да это новость про спорт",
        "id": 4
    },
    "5": {
        "title": "тест",
        "category_id": "1",
        "text": "тест",
        "id": 5
    }
}